Id,Name,MailId,Qualification,City,State,Gender,Date Of Birth,Message
1,Monickha,monickhausha@gmail.com,IT,Chennai,TN,female,1999-04-26,"Hi I am Monickha"
2,sadasd,monickhausha@gmail.com,sda,sda,asd,female,2020-08-04,dasasdas
8,Rajan,aaa@gmail.com,HAHa,Cuddalore,TN,male,2020-08-11,das
100,NikiMoni,nikimoni@gmail.com,CSEIT,Chennai,TN,female,2020-08-19,IT
45,Usha,usha@gmail.com,CSE,NEYVELI,TN,female,2020-08-25,"B tech"
30,sabarish,sabarishrajamohan@gmail.comm,"b tech",chennai,TN,male,1998-06-23,IT
11,Mini,monickhausha@gmail.com,"b e",Cuddalore,TN,female,2018-06-09,cse
37,Rajan,ram@gmail.com,BTech,Cuddalore,TN,male,2013-01-11,Cse
1000,ttt,ttt@gmail.com,tt,tt,tt,female,2020-08-26,tt
1,Rajan,AWEQRQ@gmail.com,HAHa,Cuddalore,"Near Sri Nidhi Rathna Theatre",male,2020-09-01,eew
11,nweok,324@gmail.com,32,32,34,male,2020-08-26,eqw
"\\12",bwqeooj,bojds@gmail.com,qwe,NEYVELI,"T\\N",male,2020-08-26,dfs
"\\12223",Rajan,AWEQRQ@gmail.com,"sdf\\\\\\fjfh",Cuddalore,"Near Sri Nidhi Rathna Theatre",male,2020-09-03,"B tech"
1,Rajan,LTI@gmail.com,IT,Cuddalore,TN,male,2020-08-26,Cse
8,gggggjh,usha@gmai.com,adddd,Cuddalore,TN,male,2020-08-27,cse
234234,Rajan,AWEQRQ@gmail.com,IT,NEYVELI,"Near Sri Nidhi Rathna Theatre",female,2020-09-01,das
4444,Rajan,usha@gmail.com,ECE,Cuddalore,"Near Sri Nidhi Rathna Theatre",female,2020-08-24,Cse
10809,Rajan,aaa@gmail.com,qwe,Cuddalore,TN,female,2020-08-26,"B tech"
999999,Rajan,LTI@gmail.com,HAHa,Cuddalore,TN,female,2020-08-26,tt
9999999911,Rajan,AWEQRQ@gmail.com,qwe,Cuddalore,"Near Sri Nidhi Rathna Theatre",female,2020-09-03,IT
72183702913,Rajan,usha@gmail.com,ad,Cuddalore,TN,male,2020-08-27,tt
4545,Rajan,aaa@gmail.com,IT,Cuddalore,TN,male,2020-08-27,Cse
452352,Rajan,LTI@gmail.com,HAHa,Cuddalore,TN,female,2020-08-25,"B tech"
